prob_pred_bin_mean,frac_pos
0.372,1.0
0.4731764705882353,1.0
0.5645749999999999,1.0
0.65112,1.0
0.7392847682119206,1.0
0.8242307692307692,1.0
