institution,n,auroc,f1,acc,pos_rate
INST_B,255,0.49147309614819173,0.8248847926267281,0.7019607843137254,1.0
INST_A,245,0.5176051214898879,0.7841191066997518,0.6448979591836734,1.0
