region,n,auroc,f1,acc,pos_rate
Europe,204,0.4639944932754421,0.7893175074183977,0.6519607843137255,1.0
Asia,150,0.5194988886643767,0.8047808764940239,0.6733333333333333,1.0
Baltics,146,0.5894107021901107,0.8273092369477911,0.7054794520547946,1.0
